date_time,atmospheric_pressure_(mBar),rainfall_(mm),wind_speed_(m_per_s),wind_direction_(degrees),surface_temperature_(C),relative_humidity_(%),solar_flux_(Kw/m2),battery_(V)
2015/11/01 00:01,1025,0,0,0,9.74,91.5,0,13.76
2015/11/01 00:02,1025,0,0,0,9.75,91.2,0,13.76
2015/11/01 00:03,1025,0,0,0,9.75,91.3,0,13.77
2015/11/01 00:04,1025,0,0,0,9.77,91.2,0,13.76
2015/11/01 00:05,1025,0,0,0,9.83,91.2,0,13.77
2015/11/01 00:06,1024,0,0,0,9.84,91.1,0,13.76
2015/11/01 00:07,1024,0,0,0,9.87,91.0,0,13.76
2015/11/01 00:08,1024,0,0,0,9.9,90.8,0,13.77
2015/11/01 00:09,1024,0,0,0,9.86,90.7,0,13.77
2015/11/01 00:10,1024,0,0,0,9.81,90.5,0,13.77
2015/11/01 00:11,1024,0,0,0,9.82,90.5,0,13.77
2015/11/01 00:12,1024,0,0,0,9.82,90.6,0,13.77
2015/11/01 00:13,1024,0,0,0,9.82,90.6,0,13.77
2015/11/01 00:14,1024,0,0,0,9.82,90.5,0,13.77
2015/11/01 00:15,1024,0,0,0,9.82,90.6,0,13.77
2015/11/01 00:16,1024,0,0,0,9.82,90.5,0,13.77
2015/11/01 00:17,1024,0,0,0,9.82,90.5,0,13.77
2015/11/01 00:18,1024,0,0,0,9.84,90.7,0,13.76
2015/11/01 00:19,1024,0,0,0,9.89,90.7,0,13.77
2015/11/01 00:20,1024,0,0,0,9.9,90.9,0,13.76
2015/11/01 00:21,1024,0,0,0,9.93,90.8,0,13.77
2015/11/01 00:22,1024,0,0,0,9.95,90.8,0,13.77
2015/11/01 00:23,1024,0,0,0,9.98,90.6,0,13.77
2015/11/01 00:24,1024,0,0,0,9.92,90.5,0,13.77
2015/11/01 00:25,1024,0,0,0,9.89,90.4,0,13.77
2015/11/01 00:26,1024,0,0,0,9.93,90.6,0,13.76
2015/11/01 00:27,1024,0,0,0,9.97,90.6,0,13.77
2015/11/01 00:28,1024,0,0,0,9.98,90.4,0,13.77
2015/11/01 00:29,1024,0,0,0,9.96,90.4,0,13.77
2015/11/01 00:30,1024,0,0,0,9.93,90.2,0,13.77
2015/11/01 00:31,1024,0,0,0,9.82,89.9,0,13.77
2015/11/01 00:32,1024,0,0,0,9.72,89.8,0,13.77
2015/11/01 00:33,1024,0,0,0,9.63,89.8,0,13.76
2015/11/01 00:34,1024,0,0,0,9.54,89.8,0,13.77
2015/11/01 00:35,1024,0,0,0,9.47,89.9,0,13.77
2015/11/01 00:36,1024,0,0,0,9.38,90.0,0,13.77
2015/11/01 00:37,1024,0,0,0,9.31,90.2,0,13.77
2015/11/01 00:38,1024,0,0,0,9.26,90.3,0,13.77
2015/11/01 00:39,1024,0,0,0,9.19,90.4,0,13.77
2015/11/01 00:40,1024,0,0,0,9.17,90.5,0,13.77
2015/11/01 00:41,1024,0,0,0,9.12,90.6,0,13.77
2015/11/01 00:42,1024,0,0,0,9.04,90.5,0,13.77
2015/11/01 00:43,1024,0,0,0,8.95,90.6,0,13.77
2015/11/01 00:44,1024,0,0,0,8.96,90.9,0,13.77
2015/11/01 00:45,1024,0,0,0,9.0,91.6,0,13.77
2015/11/01 00:46,1024,0,0,0,9.08,91.7,0,13.77
2015/11/01 00:47,1024,0,0,0,9.09,91.9,0,13.77
2015/11/01 00:48,1024,0,0,0,9.14,91.9,0,13.77
2015/11/01 00:49,1024,0,0,0,9.15,92.1,0,13.77
2015/11/01 00:50,1024,0,0,0,9.2,92.2,0,13.77
2015/11/01 00:51,1024,0,0,0,9.25,92.2,0,13.77
2015/11/01 00:52,1024,0,0,0,9.31,92.1,0,13.77
2015/11/01 00:53,1024,0,0,0,9.31,92.2,0,13.78
2015/11/01 00:54,1024,0,0,0,9.39,92.2,0,13.77
2015/11/01 00:55,1024,0,0,0,9.36,92.0,0,13.77
2015/11/01 00:56,1024,0,0,0,9.34,91.8,0,13.77
2015/11/01 00:57,1024,0,0,0,9.36,91.5,0,13.77
2015/11/01 00:58,1024,0,0,0,9.33,91.1,0,13.77
2015/11/01 00:59,1024,0,0,0,9.16,90.7,0,13.77
2015/11/01 01:00,1024,0,0,0,9.06,90.5,0,13.77
2015/11/01 01:01,1024,0,0,0,8.91,90.5,0,13.77
2015/11/01 01:02,1024,0,0,0,8.82,90.5,0,13.77
2015/11/01 01:03,1024,0,0,0,8.75,90.7,0,13.77
2015/11/01 01:04,1024,0,0,0,8.7,91.0,0,13.78
2015/11/01 01:05,1024,0,0,0,8.66,91.1,0,13.77
2015/11/01 01:06,1024,0,0,0,8.59,91.2,0,13.77
2015/11/01 01:07,1024,0,0,0,8.5,91.3,0,13.78
2015/11/01 01:08,1024,0,0,0,8.5,91.6,0,13.78
2015/11/01 01:09,1024,0,0,0,8.54,92.0,0,13.78
2015/11/01 01:10,1024,0,0,0,8.53,92.2,0,13.78
2015/11/01 01:11,1024,0,0,0,8.58,92.5,0,13.78
2015/11/01 01:12,1024,0,0,0,8.64,92.6,0,13.78
2015/11/01 01:13,1024,0,0,0,8.67,92.6,0,13.78
2015/11/01 01:14,1024,0,0,0,8.59,92.5,0,13.78
2015/11/01 01:15,1024,0,0,0,8.57,92.6,0,13.78
2015/11/01 01:16,1024,0,0,0,8.53,92.6,0,13.78
2015/11/01 01:17,1024,0,0,0,8.49,92.6,0,13.78
2015/11/01 01:18,1024,0,0,0,8.51,92.7,0,13.78
2015/11/01 01:19,1024,0,0,0,8.5,92.8,0,13.78
2015/11/01 01:20,1024,0,0,0,8.5,92.8,0,13.78
2015/11/01 01:21,1024,0,0,0,8.44,92.9,0,13.78
2015/11/01 01:22,1024,0,0,0,8.42,92.9,0,13.78
2015/11/01 01:23,1024,0,0,0,8.44,93.1,0,13.78
2015/11/01 01:24,1024,0,0,0,8.45,93.0,0,13.78
2015/11/01 01:25,1024,0,0,0,8.42,93.1,0,13.78
2015/11/01 01:26,1024,0,0,0,8.41,93.2,0,13.78
2015/11/01 01:27,1024,0,0,0,8.43,93.2,0,13.78
2015/11/01 01:28,1024,0,0,0,8.4,93.1,0,13.78
2015/11/01 01:29,1024,0,0,0,8.36,93.2,0,13.78
2015/11/01 01:30,1024,0,0,0,8.41,93.4,0,13.78
2015/11/01 01:31,1024,0,0,0,8.45,93.7,0,13.78
2015/11/01 01:32,1024,0,0,0,8.63,94.1,0,13.79
2015/11/01 01:33,1024,0,0,0,8.71,94.1,0,13.78
2015/11/01 01:34,1024,0,0,0,8.78,94.0,0,13.79
2015/11/01 01:35,1024,0,0,0,8.84,94.1,0,13.79
2015/11/01 01:36,1024,0,0,0,8.91,94.0,0,13.79
2015/11/01 01:37,1024,0,0,0,8.96,93.9,0,13.79
2015/11/01 01:38,1024,0,0,0,8.94,93.7,0,13.79
2015/11/01 01:39,1024,0,0,0,8.98,93.7,0,13.78
2015/11/01 01:40,1024,0,0,0,9.01,93.5,0,13.79
2015/11/01 01:41,1024,0,0,0,9.01,93.3,0,13.79
2015/11/01 01:42,1024,0,0,0,9.03,93.3,0,13.78
2015/11/01 01:43,1024,0,0,0,9.13,93.2,0,13.79
2015/11/01 01:44,1024,0,0,0,9.16,93.2,0,13.79
2015/11/01 01:45,1024,0,0,0,9.21,93.1,0,13.79
2015/11/01 01:46,1024,0,0,0,9.29,92.9,0,13.78
2015/11/01 01:47,1024,0,0,0,9.29,92.7,0,13.79
2015/11/01 01:48,1024,0,0,0,9.37,92.6,0,13.78
2015/11/01 01:49,1024,0,0,0,9.34,92.3,0,13.79
2015/11/01 01:50,1024,0,0,0,9.41,92.1,0,13.79
2015/11/01 01:51,1024,0,0,0,9.44,91.9,0,13.79
2015/11/01 01:52,1024,0,0,0,9.44,91.7,0,13.79
2015/11/01 01:53,1024,0,0,0,9.52,91.4,0,13.78
2015/11/01 01:54,1024,0,0,0,9.52,91.2,0,13.78
2015/11/01 01:55,1024,0,0,0,9.51,91.0,0,13.78
2015/11/01 01:56,1024,0,0,0,9.52,90.7,0,13.78
2015/11/01 01:57,1024,0,0,0,9.45,90.5,0,13.78
2015/11/01 01:58,1024,0,0,0,9.39,90.4,0,13.79
2015/11/01 01:59,1024,0,0,0,9.4,90.3,0,13.78
2015/11/01 02:00,1024,0,0,0,9.43,90.2,0,13.78
2015/11/01 02:01,1024,0,0,0,9.46,90.2,0,13.78
2015/11/01 02:02,1024,0,0,0,9.45,90.2,0,13.79
2015/11/01 02:03,1024,0,0,0,9.43,90.4,0,13.78
2015/11/01 02:04,1024,0,0,0,9.5,90.4,0,13.79
2015/11/01 02:05,1024,0,0,0,9.51,90.4,0,13.79
2015/11/01 02:06,1024,0,0,0,9.58,90.4,0,13.79
2015/11/01 02:07,1024,0,0,0,9.61,90.1,0,13.79
2015/11/01 02:08,1024,0,0,0,9.53,89.8,0,13.78
2015/11/01 02:09,1024,0,0,0,9.43,89.5,0,13.79
2015/11/01 02:10,1024,0,0,0,9.35,89.5,0,13.79
2015/11/01 02:11,1024,0,0,0,9.39,89.7,0,13.79
2015/11/01 02:12,1024,0,0,0,9.44,90.0,0,13.79
2015/11/01 02:13,1024,0,0,0,9.4,90.0,0,13.79
2015/11/01 02:14,1024,0,0,0,9.42,90.0,0,13.79
2015/11/01 02:15,1024,0,0,0,9.43,89.9,0,13.79
2015/11/01 02:16,1024,0,0,0,9.34,89.8,0,13.79
2015/11/01 02:17,1024,0,0,0,9.26,89.8,0,13.79
2015/11/01 02:18,1024,0,0,0,9.2,90.0,0,13.79
2015/11/01 02:19,1024,0,0,0,9.19,90.1,0,13.79
2015/11/01 02:20,1024,0,0,0,9.18,90.2,0,13.79
2015/11/01 02:21,1024,0,0,0,9.22,90.2,0,13.79
2015/11/01 02:22,1024,0,0,0,9.23,90.3,0,13.79
2015/11/01 02:23,1024,0,0,0,9.13,90.2,0,13.79
2015/11/01 02:24,1024,0,0,0,9.11,90.4,0,13.79
2015/11/01 02:25,1024,0,0,0,9.16,90.4,0,13.79
2015/11/01 02:26,1024,0,0,0,9.11,90.3,0,13.79
2015/11/01 02:27,1024,0,0,0,9.11,90.2,0,13.79
2015/11/01 02:28,1024,0,0,0,9.03,90.2,0,13.79
2015/11/01 02:29,1024,0,0,0,9.04,90.3,0,13.79
2015/11/01 02:30,1024,0,0,0,8.98,90.4,0,13.79
2015/11/01 02:31,1024,0,0,0,8.98,90.5,0,13.79
2015/11/01 02:32,1024,0,0,0,8.97,90.5,0,13.79
2015/11/01 02:33,1024,0,0,0,8.97,90.6,0,13.79
2015/11/01 02:34,1024,0,0,0,8.97,90.6,0,13.79
2015/11/01 02:35,1024,0,0,0,8.9,90.5,0,13.79
2015/11/01 02:36,1024,0,0,0,8.82,90.4,0,13.79
2015/11/01 02:37,1024,0,0,0,8.76,90.4,0,13.79
2015/11/01 02:38,1024,0,0,0,8.75,90.6,0,13.79
2015/11/01 02:39,1024,0,0,0,8.73,90.7,0,13.79
2015/11/01 02:40,1024,0,0,0,8.77,91.0,0,13.79
2015/11/01 02:41,1024,0,0,0,8.76,91.2,0,13.79
2015/11/01 02:42,1024,0,0,0,8.83,91.3,0,13.79
2015/11/01 02:43,1024,0,0,0,8.82,91.4,0,13.79
2015/11/01 02:44,1024,0,0,0,8.84,91.4,0,13.79
2015/11/01 02:45,1024,0,0,0,8.88,91.6,0,13.79
2015/11/01 02:46,1024,0,0,0,8.95,91.8,0,13.79
2015/11/01 02:47,1024,0,0,0,9.03,91.8,0,13.79
2015/11/01 02:48,1024,0,0,0,9.06,91.7,0,13.79
2015/11/01 02:49,1024,0,0,0,9.14,91.7,0,13.79
2015/11/01 02:50,1024,0,0,0,9.15,91.5,0,13.79
2015/11/01 02:51,1024,0,0,0,9.17,91.2,0,13.79
2015/11/01 02:52,1024,0,0,0,9.18,91.1,0,13.79
2015/11/01 02:53,1024,0,0,0,9.24,91.0,0,13.79
2015/11/01 02:54,1024,0,0,0,9.28,90.9,0,13.79
2015/11/01 02:55,1024,0,0,0,9.35,90.6,0,13.79
2015/11/01 02:56,1024,0,0,0,9.4,90.5,0,13.79
2015/11/01 02:57,1024,0,0,0,9.43,90.0,0,13.79
2015/11/01 02:58,1024,0,0,0,9.44,89.7,0,13.79
2015/11/01 02:59,1024,0,0,0,9.41,89.6,0,13.79
2015/11/01 03:00,1024,0,0,0,9.43,89.1,0,13.79
2015/11/01 03:01,1024,0,0,0,9.43,89.0,0,13.79
2015/11/01 03:02,1024,0,0,0,9.43,88.8,0,13.79
2015/11/01 03:03,1024,0,0,0,9.37,88.8,0,13.79
2015/11/01 03:04,1024,0,0,0,9.42,88.8,0,13.79
2015/11/01 03:05,1024,0,0,0,9.45,88.6,0,13.79
2015/11/01 03:06,1024,0,0,0,9.41,88.3,0,13.79
2015/11/01 03:07,1024,0,0,0,9.32,88.0,0,13.79
2015/11/01 03:08,1024,0,0,0,9.25,88.0,0,13.79
2015/11/01 03:09,1024,0,0,0,9.23,87.9,0,13.79
2015/11/01 03:10,1024,0,0,0,9.12,87.6,0,13.79
2015/11/01 03:11,1024,0,0,0,8.97,87.5,0,13.79
2015/11/01 03:12,1024,0,0,0,8.9,87.6,0,13.79
2015/11/01 03:13,1024,0,0,0,8.8,87.9,0,13.79
2015/11/01 03:14,1024,0,0,0,8.75,88.0,0,13.79
2015/11/01 03:15,1024,0,0,0,8.65,88.4,0,13.79
2015/11/01 03:16,1024,0,0,0,8.65,88.5,0,13.79
2015/11/01 03:17,1024,0,0,0,8.6,88.7,0,13.79
2015/11/01 03:18,1024,0,0,0,8.56,89.0,0,13.79
2015/11/01 03:19,1024,0,0,0,8.57,89.4,0,13.79
2015/11/01 03:20,1024,0,0,0,8.57,89.4,0,13.8
2015/11/01 03:21,1024,0,0,0,8.57,89.7,0,13.8
2015/11/01 03:22,1024,0,0,0,8.6,90.1,0,13.79
2015/11/01 03:23,1024,0,0,0,8.71,90.3,0,13.8
2015/11/01 03:24,1024,0,0,0,8.8,90.7,0,13.79
2015/11/01 03:25,1024,0,0,0,8.86,90.7,0,13.8
2015/11/01 03:26,1024,0,0,0,8.91,90.6,0,13.79
2015/11/01 03:27,1024,0,0,0,8.97,90.7,0,13.8
2015/11/01 03:28,1024,0,0,0,9.03,90.6,0,13.8
2015/11/01 03:29,1024,0,0,0,9.06,90.4,0,13.8
2015/11/01 03:30,1024,0,0,0,9.05,90.3,0,13.8
2015/11/01 03:31,1024,0,0,0,9.1,90.1,0,13.8
2015/11/01 03:32,1024,0,0,0,9.09,89.9,0,13.8
2015/11/01 03:33,1024,0,0,0,9.08,89.8,0,13.8
2015/11/01 03:34,1024,0,0,0,9.07,89.7,0,13.8
2015/11/01 03:35,1024,0,0,0,9.11,89.7,0,13.8
2015/11/01 03:36,1024,0,0,0,9.11,89.5,0,13.8
2015/11/01 03:37,1024,0,0,0,9.06,89.4,0,13.8
2015/11/01 03:38,1024,0,0,0,9.03,89.3,0,13.8
2015/11/01 03:39,1024,0,0,0,9.04,89.2,0,13.8
2015/11/01 03:40,1024,0,0,0,8.98,89.1,0,13.8
2015/11/01 03:41,1024,0,0,0,9.04,89.2,0,13.8
2015/11/01 03:42,1024,0,0,0,9.04,89.2,0,13.8
2015/11/01 03:43,1024,0,0,0,9.06,89.2,0,13.8
2015/11/01 03:44,1024,0,0,0,9.04,89.1,0,13.8
2015/11/01 03:45,1024,0,0,0,9.05,89.1,0,13.8
2015/11/01 03:46,1024,0,0,0,9.01,89.0,0,13.8
2015/11/01 03:47,1024,0,0,0,9.04,89.0,0,13.8
2015/11/01 03:48,1024,0,0,0,9.04,88.9,0,13.8
2015/11/01 03:49,1024,0,0,0,9.04,88.8,0,13.8
2015/11/01 03:50,1024,0,0,0,9.03,88.7,0,13.8
2015/11/01 03:51,1024,0,0,0,9.04,88.6,0,13.8
2015/11/01 03:52,1024,0,0,0,9.03,88.5,0,13.8
2015/11/01 03:53,1024,0,0,0,9.04,88.6,0,13.8
2015/11/01 03:54,1024,0,0,0,9.03,88.5,0,13.8
2015/11/01 03:55,1024,0,0,0,9.03,88.4,0,13.8
2015/11/01 03:56,1024,0,0,0,9.01,88.2,0,13.8
2015/11/01 03:57,1024,0,0,0,8.96,88.2,0,13.8
2015/11/01 03:58,1024,0,0,0,8.96,88.3,0,13.8
2015/11/01 03:59,1024,0,0,0,8.96,88.3,0,13.8
2015/11/01 04:00,1024,0,0,0,8.97,88.4,0,13.8
2015/11/01 04:01,1024,0,0,0,8.97,88.3,0,13.8
2015/11/01 04:02,1024,0,0,0,9.0,88.5,0,13.8
2015/11/01 04:03,1024,0,0,0,9.04,88.4,0,13.8
2015/11/01 04:04,1024,0,0,0,8.97,88.3,0,13.8
2015/11/01 04:05,1024,0,0,0,9.02,88.4,0,13.8
2015/11/01 04:06,1024,0,0,0,9.06,88.3,0,13.8
2015/11/01 04:07,1024,0,0,0,9.01,88.1,0,13.8
2015/11/01 04:08,1024,0,0,0,8.96,88.0,0,13.8
2015/11/01 04:09,1024,0,0,0,8.89,88.0,0,13.8
2015/11/01 04:10,1024,0,0,0,8.82,88.0,0,13.8
2015/11/01 04:11,1024,0,0,0,8.78,88.1,0,13.8
2015/11/01 04:12,1024,0,0,0,8.73,88.2,0,13.8
2015/11/01 04:13,1024,0,0,0,8.7,88.3,0,13.8
2015/11/01 04:14,1024,0,0,0,8.64,88.3,0,13.8
2015/11/01 04:15,1024,0,0,0,8.59,88.3,0,13.8
2015/11/01 04:16,1024,0,0,0,8.51,88.4,0,13.8
2015/11/01 04:17,1024,0,0,0,8.44,88.4,0,13.8
2015/11/01 04:18,1024,0,0,0,8.36,88.4,0,13.8
2015/11/01 04:19,1024,0,0,0,8.27,88.4,0,13.8
2015/11/01 04:20,1024,0,0,0,8.23,88.6,0,13.8
2015/11/01 04:21,1024,0,0,0,8.18,88.7,0,13.8
2015/11/01 04:22,1024,0,0,0,8.15,88.9,0,13.8
2015/11/01 04:23,1024,0,0,0,8.11,89.1,0,13.8
2015/11/01 04:24,1024,0,0,0,8.07,89.1,0,13.8
2015/11/01 04:25,1024,0,0,0,8.04,89.2,0,13.8
2015/11/01 04:26,1024,0,0,0,7.97,89.4,0,13.8
2015/11/01 04:27,1024,0,0,0,7.93,89.4,0,13.81
2015/11/01 04:28,1024,0,0,0,7.87,89.6,0,13.81
2015/11/01 04:29,1024,0,0,0,7.82,89.8,0,13.81
2015/11/01 04:30,1024,0,0,0,7.78,90.0,0,13.81
2015/11/01 04:31,1024,0,0,0,7.72,90.1,0,13.81
2015/11/01 04:32,1024,0,0,0,7.65,90.2,0,13.81
2015/11/01 04:33,1024,0,0,0,7.6,90.4,0,13.81
2015/11/01 04:34,1024,0,0,0,7.6,90.6,0,13.81
2015/11/01 04:35,1024,0,0,0,7.55,90.7,0,13.81
2015/11/01 04:36,1024,0,0,0,7.51,90.8,0,13.81
2015/11/01 04:37,1024,0,0,0,7.46,90.9,0,13.81
2015/11/01 04:38,1024,0,0,0,7.44,91.1,0,13.81
2015/11/01 04:39,1024,0,0,0,7.43,91.3,0,13.81
2015/11/01 04:40,1025,0,0,0,7.4,91.4,0,13.81
2015/11/01 04:41,1025,0,0,0,7.34,91.4,0,13.82
2015/11/01 04:42,1025,0,0,0,7.3,91.7,0,13.82
2015/11/01 04:43,1025,0,0,0,7.29,91.7,0,13.82
2015/11/01 04:44,1025,0,0,0,7.23,91.9,0,13.82
2015/11/01 04:45,1025,0,0,0,7.2,92.1,0,13.82
2015/11/01 04:46,1025,0,0,0,7.16,92.2,0,13.82
2015/11/01 04:47,1025,0,0,0,7.14,92.3,0,13.82
2015/11/01 04:48,1025,0,0,0,7.08,92.4,0,13.82
2015/11/01 04:49,1025,0,0,0,7.07,92.6,0,13.82
2015/11/01 04:50,1025,0,0,0,7.02,92.6,0,13.82
2015/11/01 04:51,1025,0,0,0,7.0,92.7,0,13.82
2015/11/01 04:52,1025,0,0,0,6.92,92.8,0,13.82
2015/11/01 04:53,1025,0,0,0,6.926,92.9,0,13.82
2015/11/01 04:54,1025,0,0,0,6.858,93.0,0,13.82
2015/11/01 04:55,1025,0,0,0,6.841,93.0,0,13.82
2015/11/01 04:56,1025,0,0,0,6.797,93.2,0,13.83
2015/11/01 04:57,1025,0,0,0,6.8,93.4,0,13.83
2015/11/01 04:58,1025,0,0,0,6.819,93.5,0,13.82
2015/11/01 04:59,1025,0,0,0,6.836,93.8,0,13.83
2015/11/01 05:00,1025,0,0,0,6.825,93.8,0,13.83
2015/11/01 05:01,1025,0,0,0,6.781,93.8,0,13.83
2015/11/01 05:02,1025,0,0,0,6.745,94.0,0,13.83
2015/11/01 05:03,1025,0,0,0,6.713,94.0,0,13.83
2015/11/01 05:04,1025,0,0,0,6.633,93.9,0,13.83
2015/11/01 05:05,1025,0,0,0,6.565,93.9,0,13.83
2015/11/01 05:06,1025,0,0,0,6.491,93.9,0,13.83
2015/11/01 05:07,1025,0,0,0,6.42,93.9,0,13.83
2015/11/01 05:08,1025,0,0,0,6.371,94.0,0,13.83
2015/11/01 05:09,1025,0,0,0,6.349,94.2,0,13.84
2015/11/01 05:10,1025,0,0,0,6.321,94.3,0,13.84
2015/11/01 05:11,1025,0,0,0,6.248,94.4,0,13.83
2015/11/01 05:12,1025,0,0,0,6.209,94.6,0,13.84
2015/11/01 05:13,1025,0,0,0,6.305,94.9,0,13.84
2015/11/01 05:14,1025,0,0,0,6.357,95.2,0,13.84
2015/11/01 05:15,1025,0,0,0,6.373,95.3,0,13.84
2015/11/01 05:16,1025,0,0,0,6.442,95.7,0,13.84
2015/11/01 05:17,1025,0,0,0,6.491,95.8,0,13.84
2015/11/01 05:18,1025,0,0,0,6.475,95.8,0,13.84
2015/11/01 05:19,1025,0,0,0,6.48,95.9,0,13.84
2015/11/01 05:20,1025,0,0,0,6.439,95.9,0,13.84
2015/11/01 05:21,1025,0,0,0,6.45,96.1,0,13.84
2015/11/01 05:22,1025,0,0,0,6.538,96.3,0,13.84
2015/11/01 05:23,1025,0,0,0,6.557,96.4,0,13.84
2015/11/01 05:24,1025,0,0,0,6.554,96.5,0,13.84
2015/11/01 05:25,1025,0,0,0,6.59,96.6,0,13.84
2015/11/01 05:26,1025,0,0,0,6.54,96.5,0,13.84
2015/11/01 05:27,1025,0,0,0,6.524,96.6,0,13.84
2015/11/01 05:28,1025,0,0,0,6.59,96.8,0,13.84
2015/11/01 05:29,1025,0,0,0,6.688,97.2,0,13.84
2015/11/01 05:30,1025,0,0,0,6.838,97.5,0,13.84
2015/11/01 05:31,1025,0,0,0,6.926,97.6,0,13.84
2015/11/01 05:32,1025,0,0,0,6.983,97.6,0,13.84
2015/11/01 05:33,1025,0,0,0,6.972,97.5,0,13.84
2015/11/01 05:34,1025,0,0,0,6.967,97.3,0,13.84
2015/11/01 05:35,1025,0,0,0,6.94,97.2,0,13.84
2015/11/01 05:36,1025,0,0,0,6.945,97.1,0,13.84
2015/11/01 05:37,1025,0,0,0,6.951,97.2,0,13.84
2015/11/01 05:38,1025,0,0,0,7.02,97.2,0,13.84
2015/11/01 05:39,1025,0,0,0,7.01,97.1,0,13.84
2015/11/01 05:40,1025,0,0,0,7.08,97.2,0,13.84
2015/11/01 05:41,1025,0,0,0,7.14,97.3,0,13.84
2015/11/01 05:42,1025,0,0,0,7.24,97.3,0,13.84
2015/11/01 05:43,1025,0,0,0,7.23,97.1,0,13.84
2015/11/01 05:44,1025,0,0,0,7.19,96.7,0,13.84
2015/11/01 05:45,1025,0,0,0,7.13,96.5,0,13.84
2015/11/01 05:46,1025,0,0,0,7.13,96.3,0,13.84
2015/11/01 05:47,1025,0,0,0,7.08,96.1,0,13.84
2015/11/01 05:48,1025,0,0,0,7.02,95.8,0,13.84
2015/11/01 05:49,1025,0,0,0,6.915,95.6,0,13.84
2015/11/01 05:50,1025,0,0,0,6.808,95.4,0,13.84
2015/11/01 05:51,1025,0,0,0,6.797,95.5,0,13.84
2015/11/01 05:52,1025,0,0,0,6.792,95.5,0,13.84
2015/11/01 05:53,1025,0,0,0,6.734,95.4,0,13.84
2015/11/01 05:54,1025,0,0,0,6.696,95.5,0,13.84
2015/11/01 05:55,1025,0,0,0,6.702,95.5,0,13.84
2015/11/01 05:56,1025,0,0,0,6.658,95.4,0,13.84
2015/11/01 05:57,1025,0,0,0,6.625,95.4,0,13.84
2015/11/01 05:58,1025,0,0,0,6.576,95.3,0,13.84
2015/11/01 05:59,1025,0,0,0,6.554,95.4,0,13.84
2015/11/01 06:00,1025,0,0,0,6.543,95.5,0,13.84
2015/11/01 06:01,1025,0,0,0,6.516,95.6,0,13.84
2015/11/01 06:02,1025,0,0,0,6.559,95.7,0,13.84
2015/11/01 06:03,1025,0,0,0,6.502,95.6,0,13.84
2015/11/01 06:04,1025,0,0,0,6.486,95.7,0,13.84
2015/11/01 06:05,1025,0,0,0,6.488,95.8,0,13.85
2015/11/01 06:06,1025,0,0,0,6.477,95.8,0,13.84
2015/11/01 06:07,1025,0,0,0,6.409,95.7,0,13.85
2015/11/01 06:08,1025,0,0,0,6.363,95.7,0,13.85
2015/11/01 06:09,1025,0,0,0,6.319,95.7,0,13.85
2015/11/01 06:10,1025,0,0,0,6.27,95.7,0,13.85
2015/11/01 06:11,1025,0,0,0,6.242,95.8,0,13.85
2015/11/01 06:12,1025,0,0,0,6.248,96.0,0,13.85
2015/11/01 06:13,1025,0,0,0,6.223,96.0,0,13.85
2015/11/01 06:14,1025,0,0,0,6.193,96.2,0,13.85
2015/11/01 06:15,1025,0,0,0,6.229,96.3,0,13.85
2015/11/01 06:16,1025,0,0,0,6.185,96.2,0,13.85
2015/11/01 06:17,1025,0,0,0,6.13,96.2,0,13.85
2015/11/01 06:18,1025,0,0,0,6.103,96.3,0,13.85
2015/11/01 06:19,1025,0,0,0,6.081,96.4,0,13.85
2015/11/01 06:20,1025,0,0,0,6.078,96.5,0,13.85
2015/11/01 06:21,1025,0,0,0,6.075,96.6,0,13.85
2015/11/01 06:22,1025,0,0,0,6.053,96.7,0,13.85
2015/11/01 06:23,1025,0,0,0,6.026,96.8,0,13.85
2015/11/01 06:24,1025,0,0,0,6.048,96.8,0,13.85
2015/11/01 06:25,1025,0,0,0,6.032,96.8,0,13.85
2015/11/01 06:26,1025,0,0,0,6.015,96.9,0,13.85
2015/11/01 06:27,1025,0,0,0,5.977,96.9,0,13.85
2015/11/01 06:28,1025,0,0,0,5.993,97.1,0,13.85
2015/11/01 06:29,1025,0,0,0,6.04,97.3,0,13.85
2015/11/01 06:30,1025,0,0,0,6.108,97.5,0,13.85
2015/11/01 06:31,1025,0,0,0,6.152,97.6,0,13.85
2015/11/01 06:32,1025,0,0,0,6.182,97.6,0,13.85
2015/11/01 06:33,1025,0,0,0,6.119,97.5,0,13.85
2015/11/01 06:34,1025,0,0,0,6.171,97.6,0,13.85
2015/11/01 06:35,1025,0,0,0,6.119,97.5,0,13.85
2015/11/01 06:36,1025,0,0,0,6.171,97.7,0,13.85
2015/11/01 06:37,1024,0,0,0,6.209,97.7,0,13.85
2015/11/01 06:38,1024,0,0,0,6.218,97.7,0,13.85
2015/11/01 06:39,1025,0,0,0,6.3,97.9,0,13.85
2015/11/01 06:40,1024,0,0,0,6.349,97.9,0,13.85
2015/11/01 06:41,1025,0,0,0,6.332,97.7,0,13.85
2015/11/01 06:42,1025,0,0,0,6.305,97.6,0,13.85
2015/11/01 06:43,1025,0,0,0,6.311,97.6,0,13.85
2015/11/01 06:44,1025,0,0,0,6.332,97.6,0,13.85
2015/11/01 06:45,1025,0,0,0,6.447,97.8,0,13.85
2015/11/01 06:46,1025,0,0,0,6.445,97.6,0,13.85
2015/11/01 06:47,1025,0,0,0,6.48,97.7,0,13.86
2015/11/01 06:48,1025,0,0,0,6.576,97.6,0,13.85
2015/11/01 06:49,1025,0,0,0,6.636,97.5,0,13.85
2015/11/01 06:50,1025,0,0,0,6.688,97.5,0,13.85
2015/11/01 06:51,1025,0,0,0,6.767,97.2,0,13.85
2015/11/01 06:52,1025,0,0,0,6.817,97.1,0,13.85
2015/11/01 06:53,1025,0,0,0,6.948,97.1,0,13.85
2015/11/01 06:54,1025,0,0,0,6.964,96.7,0,13.85
2015/11/01 06:55,1025,0,0,0,7.03,96.7,0,13.85
2015/11/01 06:56,1025,0,0,0,7.28,96.5,0,13.85
2015/11/01 06:57,1025,0,0,0,7.38,96.1,0,13.85
2015/11/01 06:58,1025,0,0,0,7.54,95.6,0,13.85
2015/11/01 06:59,1025,0,0,0,7.71,95.0,0,13.85
2015/11/01 07:00,1025,0,0,0,7.9,94.4,0,13.85
2015/11/01 07:01,1025,0,0,0,8.01,93.6,0,13.85
2015/11/01 07:02,1025,0,0,0,8.3,93.3,0,13.85
2015/11/01 07:03,1025,0,0,0,8.6,91.9,0,13.85
2015/11/01 07:04,1025,0,0,0,8.61,90.3,0,13.85
2015/11/01 07:05,1025,0,0,0,8.65,89.1,0,13.85
2015/11/01 07:06,1025,0,0,0,8.68,88.1,0,13.85
2015/11/01 07:07,1025,0,0,0,8.76,87.4,0,13.85
2015/11/01 07:08,1025,0,0,0,8.85,86.5,0,13.85
2015/11/01 07:09,1025,0,0,0,8.95,85.6,0,13.85
2015/11/01 07:10,1025,0,0,0,8.89,84.5,0,13.85
2015/11/01 07:11,1025,0,0,0,8.72,83.6,0,13.85
2015/11/01 07:12,1025,0,0,0,8.58,83.3,0,13.85
2015/11/01 07:13,1025,0,0,0,8.53,83.0,0,13.84
2015/11/01 07:14,1025,0,0,0,8.46,83.4,0,13.85
2015/11/01 07:15,1025,0,0,0,8.61,84.0,0,13.84
2015/11/01 07:16,1025,0,0,0,8.79,83.8,0,13.84
2015/11/01 07:17,1025,0,0,0,8.73,83.4,0,13.84
2015/11/01 07:18,1025,0,0,0,8.74,83.4,0,13.84
2015/11/01 07:19,1025,0,0,0,8.76,83.2,0,13.84
2015/11/01 07:20,1025,0,0,0,8.77,82.9,0,13.84
2015/11/01 07:21,1025,0,0,0,8.78,83.3,0,13.84
2015/11/01 07:22,1025,0,0,0,8.83,82.6,0,13.84
2015/11/01 07:23,1025,0,0,0,8.66,82.3,0,13.84
2015/11/01 07:24,1025,0,0,0,8.52,82.3,0,13.84
2015/11/01 07:25,1025,0,0,0,8.48,82.8,0,13.84
2015/11/01 07:26,1025,0,0,0,8.46,82.8,0,13.84
2015/11/01 07:27,1025,0,0,0,8.39,83.2,0,13.84
2015/11/01 07:28,1025,0,0,0,8.38,83.4,0,13.84
2015/11/01 07:29,1025,0,0,0,8.38,83.6,0,13.84
2015/11/01 07:30,1025,0,0,0,8.39,83.6,0,13.84
2015/11/01 07:31,1025,0,0,0,8.31,83.7,0,13.84
2015/11/01 07:32,1025,0,0,0,8.31,84.0,0,13.84
2015/11/01 07:33,1025,0,0,0,8.46,84.7,0,13.84
2015/11/01 07:34,1025,0,0,0,8.56,84.6,0,13.84
2015/11/01 07:35,1025,0,0,0,8.58,84.6,0,13.84
2015/11/01 07:36,1025,0,0,0,8.64,84.6,0,13.84
2015/11/01 07:37,1025,0,0,0,8.69,84.5,0,13.84
2015/11/01 07:38,1025,0,0,0,8.73,84.4,0,13.84
2015/11/01 07:39,1025,0,0,0,8.8,84.3,0,13.84
2015/11/01 07:40,1025,0,0,0,8.85,84.1,0,13.84
2015/11/01 07:41,1025,0,0,0,8.88,83.9,0,13.84
2015/11/01 07:42,1025,0,0,0,8.87,83.6,0,13.84
2015/11/01 07:43,1025,0,0,0,8.87,83.6,0,13.84
2015/11/01 07:44,1025,0,0,0,8.84,83.5,0,13.84
2015/11/01 07:45,1025,0,0,0,8.79,83.6,0,13.84
2015/11/01 07:46,1025,0,0,0,8.77,83.7,0,13.84
2015/11/01 07:47,1025,0,0,0,8.7,83.8,0,13.84
2015/11/01 07:48,1025,0,0,0,8.67,84.0,0,13.84
2015/11/01 07:49,1025,0,0,0,8.62,84.1,0,13.84
2015/11/01 07:50,1025,0,0,0,8.6,84.4,0,13.84
2015/11/01 07:51,1025,0,0,0,8.6,84.7,0,13.84
2015/11/01 07:52,1025,0,0,0,8.58,84.9,0,13.83
2015/11/01 07:53,1025,0,0,0,8.53,85.0,0,13.84
2015/11/01 07:54,1025,0,0,0,8.52,85.2,0,13.84
2015/11/01 07:55,1025,0,0,0,8.52,85.2,0,13.84
2015/11/01 07:56,1025,0,0,0,8.52,85.5,0,13.83
2015/11/01 07:57,1025,0,0,0,8.54,85.7,0,13.84
2015/11/01 07:58,1025,0,0,0,8.59,85.9,0,13.83
2015/11/01 07:59,1025,0,0,0,8.64,85.8,0,13.84
2015/11/01 08:00,1025,0,0,0,8.67,85.7,0,13.83
2015/11/01 08:01,1025,0,0,0,8.7,85.6,0,13.83
2015/11/01 08:02,1025,0,0,0,8.76,85.7,0,13.83
2015/11/01 08:03,1025,0,0,0,8.87,85.4,0,13.83
2015/11/01 08:04,1025,0,0,0,8.86,85.0,0,13.83
2015/11/01 08:05,1025,0,0,0,8.85,84.7,0,13.84
2015/11/01 08:06,1025,0,0,0,8.93,84.5,0,13.83
2015/11/01 08:07,1025,0,0,0,8.92,84.4,0,13.83
2015/11/01 08:08,1025,0,0,0,8.97,84.3,0,13.83
2015/11/01 08:09,1025,0,0,0,9.02,84.1,0,13.83
2015/11/01 08:10,1025,0,0,0,8.99,83.9,0,13.83
2015/11/01 08:11,1025,0,0,0,9.05,83.8,0,13.83
2015/11/01 08:12,1026,0,0,0,9.09,83.8,0,13.83
2015/11/01 08:13,1026,0,0,0,9.16,83.6,0,13.83
2015/11/01 08:14,1026,0,0,0,9.14,83.4,0,13.83
2015/11/01 08:15,1026,0,0,0,9.14,83.2,0,13.83
2015/11/01 08:16,1026,0,0,0,9.25,83.2,0,13.83
2015/11/01 08:17,1026,0,0,0,9.23,83.1,0,13.83
2015/11/01 08:18,1026,0,0,0,9.31,82.9,0,13.83
2015/11/01 08:19,1026,0,0,0,9.35,82.6,0,13.82
2015/11/01 08:20,1026,0,0,0,9.36,82.5,0,13.82
2015/11/01 08:21,1026,0,0,0,9.38,82.3,0,13.82
2015/11/01 08:22,1026,0,0,0,9.46,82.5,0,13.82
2015/11/01 08:23,1026,0,0,0,9.58,82.0,0,13.82
2015/11/01 08:24,1026,0,0,0,9.64,81.7,0,13.82
2015/11/01 08:25,1026,0,0,0,9.63,81.5,0,13.82
2015/11/01 08:26,1026,0,0,0,9.7,81.2,0,13.82
2015/11/01 08:27,1026,0,0,0,9.72,80.9,0,13.82
2015/11/01 08:28,1026,0,0,0,9.76,80.8,0,13.82
2015/11/01 08:29,1026,0,0,0,9.78,80.5,0,13.82
2015/11/01 08:30,1026,0,0,0,9.77,80.5,0,13.82
2015/11/01 08:31,1026,0,0,0,9.83,80.5,0,13.82
2015/11/01 08:32,1026,0,0,0,9.86,80.4,0,13.82
2015/11/01 08:33,1026,0,0,0,9.85,80.3,0,13.82
2015/11/01 08:34,1026,0,0,0,9.88,80.2,0,13.82
2015/11/01 08:35,1026,0,0,0,9.91,80.2,0,13.82
2015/11/01 08:36,1026,0,0,0,9.93,80.3,0,13.82
2015/11/01 08:37,1026,0,0,0,9.98,80.2,0,13.81
2015/11/01 08:38,1026,0,0,0,9.99,80.1,0,13.81
2015/11/01 08:39,1025,0,0,0,10.03,80.1,0,13.81
2015/11/01 08:40,1025,0,0,0,10.06,80.1,0,13.81
2015/11/01 08:41,1026,0,0,0,10.12,79.9,0,13.81
2015/11/01 08:42,1025,0,0,0,10.15,79.7,0,13.81
2015/11/01 08:43,1026,0,0,0,10.2,79.6,0,13.81
2015/11/01 08:44,1026,0,0,0,10.21,79.4,0,13.81
2015/11/01 08:45,1025,0,0,0,10.24,79.8,0,13.81
2015/11/01 08:46,1026,0,0,0,10.38,79.4,0,13.81
2015/11/01 08:47,1026,0,0,0,10.42,79.5,0,13.8
2015/11/01 08:48,1026,0,0,0,10.53,79.2,0,13.8
2015/11/01 08:49,1025,0,0,0,10.69,78.9,0,13.8
2015/11/01 08:50,1026,0,0,0,10.8,78.4,0,13.8
2015/11/01 08:51,1026,0,0,0,10.89,77.9,0,13.8
2015/11/01 08:52,1025,0,0,0,10.93,77.8,0,13.8
2015/11/01 08:53,1026,0,0,0,11.0,77.5,0,13.8
2015/11/01 08:54,1026,0,0,0,11.06,77.3,0,13.8
2015/11/01 08:55,1026,0,0,0,11.14,77.2,0,13.79
2015/11/01 08:56,1026,0,0,0,11.26,76.9,0,13.8
2015/11/01 08:57,1026,0,0,0,11.32,76.6,0,13.79
2015/11/01 08:58,1026,0,0,0,11.35,76.1,0,13.79
2015/11/01 08:59,1026,0,0,0,11.22,76.0,0,13.79
2015/11/01 09:00,1026,0,0,0,11.11,75.9,0,13.79
2015/11/01 09:01,1026,0,0,0,10.88,76.3,0,13.79
2015/11/01 09:02,1026,0,0,0,10.77,76.9,0,13.79
2015/11/01 09:03,1026,0,0,0,10.76,77.7,0,13.79
2015/11/01 09:04,1026,0,0,0,10.77,78.0,0,13.79
2015/11/01 09:05,1026,0,0,0,10.78,78.5,0,13.79
2015/11/01 09:06,1026,0,0,0,10.82,78.8,0,13.78
2015/11/01 09:07,1026,0,0,0,10.93,79.2,0,13.78
2015/11/01 09:08,1026,0,0,0,11.08,79.2,0,13.78
2015/11/01 09:09,1026,0,0,0,11.14,78.9,0,13.78
2015/11/01 09:10,1026,0,0,0,11.24,78.6,0,13.78
2015/11/01 09:11,1026,0,0,0,11.33,78.2,0,13.78
2015/11/01 09:12,1026,0,0,0,11.31,77.7,0,13.78
2015/11/01 09:13,1026,0,0,0,11.25,77.7,0,13.78
2015/11/01 09:14,1026,0,0,0,11.26,77.7,0,13.77
2015/11/01 09:15,1026,0,0,0,11.26,77.9,0,13.77
2015/11/01 09:16,1026,0,0,0,11.32,78.0,0,13.77
2015/11/01 09:17,1026,0,0,0,11.4,78.2,0,13.77
2015/11/01 09:18,1026,0,0,0,11.49,77.9,0,13.77
2015/11/01 09:19,1026,0,0,0,11.52,77.7,0,13.77
2015/11/01 09:20,1026,0,0,0,11.58,77.5,0,13.77
2015/11/01 09:21,1025,0,0,0,11.6,77.2,0,13.77
2015/11/01 09:22,1026,0,0,0,11.6,77.1,0,13.77
2015/11/01 09:23,1025,0,0,0,11.63,76.9,0,13.77
2015/11/01 09:24,1025,0,0,0,11.65,76.9,0,13.76
2015/11/01 09:25,1026,0,0,0,11.66,76.9,0,13.76
2015/11/01 09:26,1025,0,0,0,11.66,76.8,0,13.76
2015/11/01 09:27,1025,0,0,0,11.65,76.8,0,13.76
2015/11/01 09:28,1025,0,0,0,11.69,76.7,0,13.76
2015/11/01 09:29,1025,0,0,0,11.67,76.6,0,13.76
2015/11/01 09:30,1025,0,0,0,11.7,76.6,0,13.76
2015/11/01 09:31,1025,0,0,0,11.75,76.6,0,13.76
2015/11/01 09:32,1026,0,0,0,11.73,76.5,0,13.75
2015/11/01 09:33,1026,0,0,0,11.81,76.7,0,13.75
2015/11/01 09:34,1026,0,0,0,11.92,76.6,0,13.75
2015/11/01 09:35,1026,0,0,0,11.93,76.7,0,13.75
2015/11/01 09:36,1026,0,0,0,11.91,76.2,0,13.75
2015/11/01 09:37,1026,0,0,0,11.84,76.0,0,13.75
2015/11/01 09:38,1026,0,0,0,11.73,76.1,0,13.75
2015/11/01 09:39,1026,0,0,0,11.7,76.3,0,13.74
2015/11/01 09:40,1026,0,0,0,11.74,76.3,0,13.74
2015/11/01 09:41,1026,0,0,0,11.57,76.5,0,13.74
2015/11/01 09:42,1026,0,0,0,11.47,76.9,0,13.74
2015/11/01 09:43,1026,0,0,0,11.44,77.6,0,13.74
2015/11/01 09:44,1026,0,0,0,11.43,77.8,0,13.74
2015/11/01 09:45,1026,0,0,0,11.39,78.1,0,13.74
2015/11/01 09:46,1026,0,0,0,11.4,78.3,0,13.74
2015/11/01 09:47,1026,0,0,0,11.33,78.3,0,13.73
2015/11/01 09:48,1025,0,0,0,11.33,78.8,0,13.74
2015/11/01 09:49,1025,0,0,0,11.33,79.0,0,13.73
2015/11/01 09:50,1025,0,0,0,11.33,79.2,0,13.73
2015/11/01 09:51,1025,0,0,0,11.38,79.4,0,13.73
2015/11/01 09:52,1025,0,0,0,11.4,79.1,0,13.73
2015/11/01 09:53,1025,0,0,0,11.37,79.5,0,13.73
2015/11/01 09:54,1025,0,0,0,11.41,79.3,0,13.73
2015/11/01 09:55,1025,0,0,0,11.4,79.4,0,13.73
2015/11/01 09:56,1025,0,0,0,11.39,79.2,0,13.72
2015/11/01 09:57,1025,0,0,0,11.44,79.6,0,13.72
2015/11/01 09:58,1025,0,0,0,11.45,79.5,0,13.72
2015/11/01 09:59,1025,0,0,0,11.51,79.7,0,13.72
2015/11/01 10:00,1025,0,0,0,11.52,79.4,0,13.72
2015/11/01 10:01,1025,0,0,0,11.5,79.4,0,13.72
2015/11/01 10:02,1025,0,0,0,11.51,79.4,0,13.72
2015/11/01 10:03,1025,0,0,0,11.51,79.7,0,13.72
2015/11/01 10:04,1025,0,0,0,11.51,79.4,0,13.72
2015/11/01 10:05,1025,0,0,0,11.47,79.3,0,13.72
2015/11/01 10:06,1025,0,0,0,11.44,79.5,0,13.71
2015/11/01 10:07,1025,0,0,0,11.46,79.4,0,13.71
2015/11/01 10:08,1025,0,0,0,11.43,79.5,0,13.71
2015/11/01 10:09,1025,0,0,0,11.46,79.5,0,13.71
2015/11/01 10:10,1025,0,0,0,11.47,79.7,0,13.71
2015/11/01 10:11,1025,0,0,0,11.54,79.7,0,13.71
2015/11/01 10:12,1025,0,0,0,11.58,79.7,0,13.71
2015/11/01 10:13,1025,0,0,0,11.56,79.5,0,13.71
2015/11/01 10:14,1025,0,0,0,11.53,79.4,0,13.71
2015/11/01 10:15,1025,0,0,0,11.52,79.3,0,13.71
2015/11/01 10:16,1025,0,0,0,11.47,79.5,0,13.71
2015/11/01 10:17,1026,0,0,0,11.48,79.6,0,13.71
2015/11/01 10:18,1026,0,0,0,11.5,79.9,0,13.7
2015/11/01 10:19,1025,0,0,0,11.61,80.0,0,13.7
2015/11/01 10:20,1025,0,0,0,11.65,79.7,0,13.7
2015/11/01 10:21,1026,0,0,0,11.56,79.4,0,13.7
2015/11/01 10:22,1026,0,0,0,11.57,79.5,0,13.7
2015/11/01 10:23,1026,0,0,0,11.63,79.6,0,13.7
2015/11/01 10:24,1026,0,0,0,11.64,79.7,0,13.7
2015/11/01 10:25,1026,0,0,0,11.65,79.8,0,13.7
2015/11/01 10:26,1026,0,0,0,11.68,79.8,0,13.7
2015/11/01 10:27,1025,0,0,0,11.74,79.6,0,13.7
2015/11/01 10:28,1025,0,0,0,11.69,79.8,0,13.7
2015/11/01 10:29,1026,0,0,0,11.7,79.6,0,13.7
2015/11/01 10:30,1025,0,0,0,11.64,79.7,0,13.69
2015/11/01 10:31,1025,0,0,0,11.64,80.1,0,13.69
2015/11/01 10:32,1025,0,0,0,11.65,80.3,0,13.69
2015/11/01 10:33,1025,0,0,0,11.75,80.3,0,13.69
2015/11/01 10:34,1025,0,0,0,11.75,80.1,0,13.69
2015/11/01 10:35,1025,0,0,0,11.73,80.1,0,13.69
2015/11/01 10:36,1025,0,0,0,11.75,80.1,0,13.69
2015/11/01 10:37,1025,0,0,0,11.78,80.3,0,13.69
2015/11/01 10:38,1025,0,0,0,11.85,80.2,0,13.69
2015/11/01 10:39,1025,0,0,0,11.84,80.2,0,13.69
2015/11/01 10:40,1025,0,0,0,11.85,79.8,0,13.69
2015/11/01 10:41,1025,0,0,0,11.88,79.9,0,13.68
2015/11/01 10:42,1025,0,0,0,11.81,79.8,0,13.68
2015/11/01 10:43,1025,0,0,0,11.81,79.7,0,13.68
2015/11/01 10:44,1025,0,0,0,11.82,79.9,0,13.68
2015/11/01 10:45,1025,0,0,0,11.9,79.9,0,13.68
2015/11/01 10:46,1025,0,0,0,11.9,79.5,0,13.68
2015/11/01 10:47,1025,0,0,0,11.9,79.6,0,13.68
2015/11/01 10:48,1025,0,0,0,11.98,79.5,0,13.68
2015/11/01 10:49,1025,0,0,0,11.99,79.5,0,13.68
2015/11/01 10:50,1025,0,0,0,12.02,79.4,0,13.68
2015/11/01 10:51,1025,0,0,0,12.08,79.6,0,13.68
2015/11/01 10:52,1025,0,0,0,12.17,79.6,0,13.68
2015/11/01 10:53,1025,0,0,0,12.16,79.2,0,13.67
2015/11/01 10:54,1025,0,0,0,12.2,79.4,0,13.67
2015/11/01 10:55,1025,0,0,0,12.26,79.3,0,13.67
2015/11/01 10:56,1025,0,0,0,12.24,79.0,0,13.67
2015/11/01 10:57,1025,0,0,0,12.23,79.0,0,13.67
2015/11/01 10:58,1025,0,0,0,12.24,78.7,0,13.67
2015/11/01 10:59,1025,0,0,0,12.26,78.9,0,13.67
2015/11/01 11:00,1025,0,0,0,12.33,78.7,0,13.67
2015/11/01 11:01,1025,0,0,0,12.34,78.9,0,13.67
2015/11/01 11:02,1025,0,0,0,12.43,78.7,0,13.67
2015/11/01 11:03,1025,0,0,0,12.49,78.9,0,13.66
2015/11/01 11:04,1025,0,0,0,12.61,78.3,0,13.66
2015/11/01 11:05,1025,0,0,0,12.59,78.1,0,13.66
2015/11/01 11:06,1025,0,0,0,12.61,78.0,0,13.66
2015/11/01 11:07,1025,0,0,0,12.73,78.1,0,13.66
2015/11/01 11:08,1025,0,0,0,12.88,78.0,0,13.66
2015/11/01 11:09,1025,0,0,0,12.93,77.0,0,13.66
2015/11/01 11:10,1025,0,0,0,12.9,76.8,0,13.66
2015/11/01 11:11,1025,0,0,0,13.0,76.6,0,13.65
2015/11/01 11:12,1025,0,0,0,13.1,76.6,0,13.65
2015/11/01 11:13,1025,0,0,0,13.11,76.3,0,13.65
2015/11/01 11:14,1025,0,0,0,13.09,76.3,0,13.65
2015/11/01 11:15,1025,0,0,0,13.06,76.4,0,13.65
2015/11/01 11:16,1025,0,0,0,13.07,76.4,0,13.65
2015/11/01 11:17,1025,0,0,0,13.07,76.4,0,13.65
2015/11/01 11:18,1025,0,0,0,13.04,76.4,0,13.64
2015/11/01 11:19,1025,0,0,0,13.07,76.9,0,13.64
2015/11/01 11:20,1025,0,0,0,13.17,77.0,0,13.64
2015/11/01 11:21,1025,0,0,0,13.24,76.6,0,13.64
2015/11/01 11:22,1025,0,0,0,13.24,76.8,0,13.64
2015/11/01 11:23,1026,0,0,0,13.33,77.0,0,13.64
2015/11/01 11:24,1026,0,0,0,13.49,76.7,0,13.64
2015/11/01 11:25,1026,0,0,0,13.51,75.7,0,13.63
2015/11/01 11:26,1025,0,0,0,13.55,75.1,0,13.63
2015/11/01 11:27,1025,0,0,0,13.66,73.4,0,13.64
2015/11/01 11:28,1026,0,0,0,13.66,72.0,0,13.63
2015/11/01 11:29,1025,0,0,0,13.68,71.2,0,13.63
2015/11/01 11:30,1025,0,0,0,13.78,70.8,0,13.63
2015/11/01 11:31,1025,0,0,0,13.84,70.4,0,13.63
2015/11/01 11:32,1025,0,0,0,14.02,70.5,0,13.63
2015/11/01 11:33,1025,0,0,0,14.23,70.1,0,13.62
2015/11/01 11:34,1025,0,0,0,14.27,68.9,0,13.63
2015/11/01 11:35,1026,0,0,0,14.14,68.31,0,13.62
2015/11/01 11:36,1025,0,0,0,14.15,68.08,0,13.63
2015/11/01 11:37,1025,0,0,0,14.21,67.78,0,13.62
2015/11/01 11:38,1025,0,0,0,14.24,67.32,0,13.62
2015/11/01 11:39,1026,0,0,0,14.18,67.19,0,13.62
2015/11/01 11:40,1025,0,0,0,14.19,67.22,0,13.62
2015/11/01 11:41,1025,0,0,0,14.24,67.39,0,13.62
2015/11/01 11:42,1025,0,0,0,14.33,67.95,0,13.62
2015/11/01 11:43,1025,0,0,0,14.4,67.29,0,13.62
2015/11/01 11:44,1026,0,0,0,14.35,67.55,0,13.62
2015/11/01 11:45,1025,0,0,0,14.41,67.75,0,13.61
2015/11/01 11:46,1025,0,0,0,14.51,67.68,0,13.61
2015/11/01 11:47,1025,0,0,0,14.55,66.44,0,13.61
2015/11/01 11:48,1025,0,0,0,14.41,66.5,0,13.61
2015/11/01 11:49,1025,0,0,0,14.49,66.6,0,13.61
2015/11/01 11:50,1025,0,0,0,14.47,66.7,0,13.61
2015/11/01 11:51,1025,0,0,0,14.49,66.6,0,13.61
2015/11/01 11:52,1025,0,0,0,14.41,65.91,0,13.61
2015/11/01 11:53,1025,0,0,0,14.29,65.91,0,13.61
2015/11/01 11:54,1025,0,0,0,14.29,66.27,0,13.61
2015/11/01 11:55,1025,0,0,0,14.4,66.17,0,13.61
2015/11/01 11:56,1025,0,0,0,14.43,66.11,0,13.61
2015/11/01 11:57,1025,0,0,0,14.53,66.37,0,13.61
2015/11/01 11:58,1025,0,0,0,14.57,67.09,0,13.6
2015/11/01 11:59,1025,0,0,0,14.55,66.11,0,13.6
2015/11/01 12:00,1025,0,0,0,14.62,65.81,0,13.6
2015/11/01 12:01,1025,0,0,0,14.69,65.91,0,13.6
2015/11/01 12:02,1025,0,0,0,14.73,64.96,0,13.6
2015/11/01 12:03,1025,0,0,0,14.57,64.83,0,13.6
2015/11/01 12:04,1025,0,0,0,14.58,64.76,0,13.6
2015/11/01 12:05,1025,0,0,0,14.63,65.29,0,13.6
2015/11/01 12:06,1025,0,0,0,14.75,64.93,0,13.6
2015/11/01 12:07,1025,0,0,0,14.8,64.27,0,13.6
2015/11/01 12:08,1025,0,0,0,14.68,64.47,0,13.6
2015/11/01 12:09,1025,0,0,0,14.62,64.14,0,13.6
2015/11/01 12:10,1025,0,0,0,14.62,64.11,0,13.59
2015/11/01 12:11,1025,0,0,0,14.65,64.53,0,13.59
2015/11/01 12:12,1025,0,0,0,14.57,64.34,0,13.59
2015/11/01 12:13,1025,0,0,0,14.52,64.34,0,13.59
2015/11/01 12:14,1025,0,0,0,14.54,64.21,0,13.59
2015/11/01 12:15,1025,0,0,0,14.53,64.4,0,13.59
2015/11/01 12:16,1025,0,0,0,14.56,64.44,0,13.59
2015/11/01 12:17,1025,0,0,0,14.51,64.53,0,13.59
2015/11/01 12:18,1025,0,0,0,14.55,64.83,0,13.59
2015/11/01 12:19,1025,0,0,0,14.55,64.67,0,13.59
2015/11/01 12:20,1025,0,0,0,14.55,64.8,0,13.59
2015/11/01 12:21,1025,0,0,0,14.64,64.67,0,13.59
2015/11/01 12:22,1025,0,0,0,14.56,64.7,0,13.59
2015/11/01 12:23,1025,0,0,0,14.54,65.26,0,13.59
2015/11/01 12:24,1025,0,0,0,14.51,65.45,0,13.59
2015/11/01 12:25,1025,0,0,0,14.46,65.58,0,13.59
2015/11/01 12:26,1025,0,0,0,14.47,65.81,0,13.59
2015/11/01 12:27,1025,0,0,0,14.54,66.11,0,13.59
2015/11/01 12:28,1025,0,0,0,14.51,65.68,0,13.59
2015/11/01 12:29,1025,0,0,0,14.54,65.94,0,13.59
2015/11/01 12:30,1025,0,0,0,14.52,65.06,0,13.59
2015/11/01 12:31,1025,0,0,0,14.46,65.19,0,13.58
2015/11/01 12:32,1025,0,0,0,14.49,64.86,0,13.59
2015/11/01 12:33,1025,0,0,0,14.45,65.19,0,13.58
2015/11/01 12:34,1025,0,0,0,14.54,65.55,0,13.58
2015/11/01 12:35,1025,0,0,0,14.57,65.65,0,13.58
2015/11/01 12:36,1025,0,0,0,14.57,65.98,0,13.58
2015/11/01 12:37,1025,0,0,0,14.67,65.91,0,13.58
2015/11/01 12:38,1025,0,0,0,14.59,65.52,0,13.58
2015/11/01 12:39,1025,0,0,0,14.48,65.94,0,13.58
2015/11/01 12:40,1025,0,0,0,14.46,66.31,0,13.58
2015/11/01 12:41,1025,0,0,0,14.37,66.57,0,13.58
2015/11/01 12:42,1025,0,0,0,14.36,66.54,0,13.58
2015/11/01 12:43,1025,0,0,0,14.39,67.13,0,13.58
2015/11/01 12:44,1025,0,0,0,14.45,67.06,0,13.58
2015/11/01 12:45,1025,0,0,0,14.44,67.13,0,13.58
2015/11/01 12:46,1025,0,0,0,14.43,67.45,0,13.58
2015/11/01 12:47,1025,0,0,0,14.45,67.81,0,13.58
2015/11/01 12:48,1025,0,0,0,14.44,67.55,0,13.58
2015/11/01 12:49,1025,0,0,0,14.4,67.85,0,13.58
2015/11/01 12:50,1025,0,0,0,14.32,67.65,0,13.58
2015/11/01 12:51,1025,0,0,0,14.33,68.04,0,13.58
2015/11/01 12:52,1025,0,0,0,14.37,67.81,0,13.58
2015/11/01 12:53,1025,0,0,0,14.36,67.91,0,13.58
2015/11/01 12:54,1025,0,0,0,14.4,67.62,0,13.58
2015/11/01 12:55,1025,0,0,0,14.42,67.91,0,13.58
2015/11/01 12:56,1025,0,0,0,14.43,67.91,0,13.58
2015/11/01 12:57,1025,0,0,0,14.46,67.55,0,13.58
2015/11/01 12:58,1025,0,0,0,14.47,67.68,0,13.58
2015/11/01 12:59,1025,0,0,0,14.45,67.72,0,13.58
2015/11/01 13:00,1025,0,0,0,14.36,67.65,0,13.58
2015/11/01 13:01,1025,0,0,0,14.4,67.75,0,13.58
2015/11/01 13:02,1025,0,0,0,14.42,67.81,0,13.58
2015/11/01 13:03,1025,0,0,0,14.37,67.95,0,13.58
2015/11/01 13:04,1025,0,0,0,14.45,68.08,0,13.57
2015/11/01 13:05,1025,0,0,0,14.41,68.01,0,13.57
2015/11/01 13:06,1025,0,0,0,14.45,68.14,0,13.57
2015/11/01 13:07,1025,0,0,0,14.47,68.27,0,13.57
2015/11/01 13:08,1025,0,0,0,14.47,68.21,0,13.57
2015/11/01 13:09,1025,0,0,0,14.48,68.5,0,13.57
2015/11/01 13:10,1025,0,0,0,14.56,68.08,0,13.57
2015/11/01 13:11,1025,0,0,0,14.55,67.91,0,13.57
2015/11/01 13:12,1025,0,0,0,14.57,67.98,0,13.57
2015/11/01 13:13,1025,0,0,0,14.63,68.27,0,13.57
2015/11/01 13:14,1025,0,0,0,14.59,67.22,0,13.57
2015/11/01 13:15,1025,0,0,0,14.49,67.68,0,13.57
2015/11/01 13:16,1025,0,0,0,14.53,67.42,0,13.57
2015/11/01 13:17,1025,0,0,0,14.55,67.16,0,13.57
2015/11/01 13:18,1025,0,0,0,14.47,67.55,0,13.57
2015/11/01 13:19,1025,0,0,0,14.56,67.52,0,13.57
2015/11/01 13:20,1025,0,0,0,14.66,66.83,0,13.57
2015/11/01 13:21,1025,0,0,0,14.52,67.06,0,13.57
2015/11/01 13:22,1025,0,0,0,14.5,67.16,0,13.56
2015/11/01 13:23,1025,0,0,0,14.5,67.39,0,13.57
2015/11/01 13:24,1025,0,0,0,14.53,67.42,0,13.57
2015/11/01 13:25,1025,0,0,0,14.51,67.85,0,13.57
2015/11/01 13:26,1025,0,0,0,14.55,67.48,0,13.57
2015/11/01 13:27,1025,0,0,0,14.56,67.48,0,13.56
2015/11/01 13:28,1025,0,0,0,14.58,67.58,0,13.56
2015/11/01 13:29,1025,0,0,0,14.64,67.71,0,13.56
2015/11/01 13:30,1025,0,0,0,14.74,67.78,0,13.56
2015/11/01 13:31,1025,0,0,0,14.73,67.25,0,13.56
2015/11/01 13:32,1025,0,0,0,14.65,67.42,0,13.56
2015/11/01 13:33,1025,0,0,0,14.74,67.42,0,13.56
2015/11/01 13:34,1025,0,0,0,14.76,67.12,0,13.56
2015/11/01 13:35,1025,0,0,0,14.88,67.61,0,13.56
2015/11/01 13:36,1025,0,0,0,15.05,66.56,0,13.56
2015/11/01 13:37,1025,0,0,0,15.02,66.33,0,13.56
2015/11/01 13:38,1025,0,0,0,15.02,66.59,0,13.56
2015/11/01 13:39,1025,0,0,0,15.12,66.33,0,13.56
2015/11/01 13:40,1025,0,0,0,15.14,66.43,0,13.56
2015/11/01 13:41,1025,0,0,0,15.02,66.66,0,13.56
2015/11/01 13:42,1025,0,0,0,14.96,67.25,0,13.56
2015/11/01 13:43,1025,0,0,0,14.94,67.31,0,13.55
2015/11/01 13:44,1025,0,0,0,14.83,67.51,0,13.55
2015/11/01 13:45,1025,0,0,0,14.82,67.87,0,13.56
2015/11/01 13:46,1025,0,0,0,14.84,68.07,0,13.56
2015/11/01 13:47,1025,0,0,0,14.93,67.71,0,13.55
2015/11/01 13:48,1025,0,0,0,14.84,67.31,0,13.55
2015/11/01 13:49,1025,0,0,0,14.69,67.84,0,13.56
2015/11/01 13:50,1025,0,0,0,14.64,68.3,0,13.56
2015/11/01 13:51,1025,0,0,0,14.59,68.1,0,13.56
2015/11/01 13:52,1025,0,0,0,14.6,68.26,0,13.56
2015/11/01 13:53,1025,0,0,0,14.63,68.4,0,13.55
2015/11/01 13:54,1025,0,0,0,14.63,68.69,0,13.56
2015/11/01 13:55,1025,0,0,0,14.65,68.62,0,13.56
2015/11/01 13:56,1025,0,0,0,14.65,68.79,0,13.55
2015/11/01 13:57,1025,0,0,0,14.72,68.82,0,13.55
2015/11/01 13:58,1025,0,0,0,14.66,68.29,0,13.55
2015/11/01 13:59,1025,0,0,0,14.63,68.52,0,13.56
2015/11/01 14:00,1025,0,0,0,14.62,68.85,0,13.55
2015/11/01 14:01,1025,0,0,0,14.61,68.56,0,13.56
2015/11/01 14:02,1025,0,0,0,14.52,68.56,0,13.55
2015/11/01 14:03,1025,0,0,0,14.56,69.05,0,13.55
2015/11/01 14:04,1025,0,0,0,14.58,68.49,0,13.55
2015/11/01 14:05,1025,0,0,0,14.51,68.69,0,13.56
2015/11/01 14:06,1025,0,0,0,14.44,69.08,0,13.56
2015/11/01 14:07,1025,0,0,0,14.49,69.28,0,13.56
2015/11/01 14:08,1025,0,0,0,14.44,69.02,0,13.55
2015/11/01 14:09,1025,0,0,0,14.37,69.35,0,13.56
2015/11/01 14:10,1025,0,0,0,14.45,69.15,0,13.56
2015/11/01 14:11,1025,0,0,0,14.41,69.28,0,13.56
2015/11/01 14:12,1025,0,0,0,14.49,69.08,0,13.56
2015/11/01 14:13,1025,0,0,0,14.4,68.42,0,13.56
2015/11/01 14:14,1025,0,0,0,14.45,68.56,0,13.56
2015/11/01 14:15,1025,0,0,0,14.54,68.06,0,13.56
2015/11/01 14:16,1025,0,0,0,14.49,68.33,0,13.56
2015/11/01 14:17,1025,0,0,0,14.49,68.85,0,13.56
2015/11/01 14:18,1025,0,0,0,14.62,68.62,0,13.56
2015/11/01 14:19,1025,0,0,0,14.65,68.1,0,13.56
2015/11/01 14:20,1025,0,0,0,14.54,68.16,0,13.56
2015/11/01 14:21,1025,0,0,0,14.46,68.49,0,13.56
2015/11/01 14:22,1025,0,0,0,14.47,68.49,0,13.56
2015/11/01 14:23,1025,0,0,0,14.46,68.2,0,13.56
2015/11/01 14:24,1025,0,0,0,14.52,68.33,0,13.56
2015/11/01 14:25,1025,0,0,0,14.49,68.13,0,13.56
2015/11/01 14:26,1025,0,0,0,14.52,68.49,0,13.56
2015/11/01 14:27,1025,0,0,0,14.57,68.09,0,13.56
2015/11/01 14:28,1025,0,0,0,14.53,68.19,0,13.56
2015/11/01 14:29,1025,0,0,0,14.54,68.23,0,13.56
2015/11/01 14:30,1025,0,0,0,14.62,68.32,0,13.56
2015/11/01 14:31,1025,0,0,0,14.66,67.6,0,13.56
2015/11/01 14:32,1025,0,0,0,14.57,68.03,0,13.56
2015/11/01 14:33,1025,0,0,0,14.62,68.03,0,13.56
2015/11/01 14:34,1025,0,0,0,14.61,67.93,0,13.56
2015/11/01 14:35,1025,0,0,0,14.65,67.77,0,13.56
2015/11/01 14:36,1025,0,0,0,14.59,67.41,0,13.56
2015/11/01 14:37,1025,0,0,0,14.55,67.6,0,13.56
2015/11/01 14:38,1025,0,0,0,14.59,67.37,0,13.56
2015/11/01 14:39,1025,0,0,0,14.63,67.63,0,13.56
2015/11/01 14:40,1025,0,0,0,14.63,67.34,0,13.56
2015/11/01 14:41,1025,0,0,0,14.59,67.31,0,13.56
2015/11/01 14:42,1025,0,0,0,14.61,67.47,0,13.56
2015/11/01 14:43,1025,0,0,0,14.61,67.18,0,13.56
2015/11/01 14:44,1025,0,0,0,14.56,67.41,0,13.55
2015/11/01 14:45,1025,0,0,0,14.57,67.37,0,13.56
2015/11/01 14:46,1025,0,0,0,14.57,67.17,0,13.56
2015/11/01 14:47,1025,0,0,0,14.55,67.31,0,13.56
2015/11/01 14:48,1025,0,0,0,14.54,67.21,0,13.56
2015/11/01 14:49,1025,0,0,0,14.47,67.44,0,13.56
2015/11/01 14:50,1025,0,0,0,14.45,67.77,0,13.56
2015/11/01 14:51,1025,0,0,0,14.5,68.03,0,13.56
2015/11/01 14:52,1025,0,0,0,14.55,67.9,0,13.56
2015/11/01 14:53,1025,0,0,0,14.52,67.67,0,13.56
2015/11/01 14:54,1025,0,0,0,14.46,67.83,0,13.56
2015/11/01 14:55,1025,0,0,0,14.41,68.12,0,13.56
2015/11/01 14:56,1025,0,0,0,14.38,68.42,0,13.56
2015/11/01 14:57,1025,0,0,0,14.41,68.32,0,13.56
2015/11/01 14:58,1025,0,0,0,14.37,68.29,0,13.56
2015/11/01 14:59,1025,0,0,0,14.4,68.55,0,13.56
2015/11/01 15:00,1025,0,0,0,14.47,68.23,0,13.56
2015/11/01 15:01,1025,0,0,0,14.47,68.03,0,13.56
2015/11/01 15:02,1025,0,0,0,14.4,68.22,0,13.56
2015/11/01 15:03,1025,0,0,0,14.39,68.09,0,13.56
2015/11/01 15:04,1025,0,0,0,14.39,68.32,0,13.56
2015/11/01 15:05,1025,0,0,0,14.4,68.49,0,13.56
2015/11/01 15:06,1025,0,0,0,14.41,68.49,0,13.56
2015/11/01 15:07,1025,0,0,0,14.44,68.59,0,13.56
2015/11/01 15:08,1025,0,0,0,14.39,69.14,0,13.56
2015/11/01 15:09,1025,0,0,0,14.38,69.7,0,13.56
2015/11/01 15:10,1025,0,0,0,14.36,69.83,0,13.56
2015/11/01 15:11,1025,0,0,0,14.24,70.3,0,13.56
2015/11/01 15:12,1025,0,0,0,14.19,70.6,0,13.56
2015/11/01 15:13,1025,0,0,0,14.16,70.9,0,13.56
2015/11/01 15:14,1025,0,0,0,14.17,70.9,0,13.56
2015/11/01 15:15,1025,0,0,0,14.14,71.1,0,13.57
2015/11/01 15:16,1025,0,0,0,14.08,71.4,0,13.57
2015/11/01 15:17,1025,0,0,0,14.07,71.4,0,13.56
2015/11/01 15:18,1025,0,0,0,14.05,71.3,0,13.57
2015/11/01 15:19,1025,0,0,0,13.99,71.3,0,13.57
2015/11/01 15:20,1025,0,0,0,14.01,70.9,0,13.57
2015/11/01 15:21,1025,0,0,0,13.98,70.4,0,13.57
2015/11/01 15:22,1025,0,0,0,13.98,69.74,0,13.57
2015/11/01 15:23,1025,0,0,0,13.98,69.51,0,13.57
2015/11/01 15:24,1025,0,0,0,14.0,69.41,0,13.57
2015/11/01 15:25,1025,0,0,0,14.07,69.44,0,13.57
2015/11/01 15:26,1025,0,0,0,14.03,69.44,0,13.57
2015/11/01 15:27,1025,0,0,0,13.98,69.67,0,13.57
2015/11/01 15:28,1025,0,0,0,13.96,69.8,0,13.57
2015/11/01 15:29,1025,0,0,0,13.95,69.81,0,13.57
2015/11/01 15:30,1025,0,0,0,13.96,69.71,0,13.57
2015/11/01 15:31,1025,0,0,0,13.89,69.84,0,13.57
2015/11/01 15:32,1025,0,0,0,13.88,69.97,0,13.57
2015/11/01 15:33,1025,0,0,0,13.81,69.87,0,13.57
2015/11/01 15:34,1025,0,0,0,13.82,69.84,0,13.58
2015/11/01 15:35,1025,0,0,0,13.82,69.51,0,13.58
2015/11/01 15:36,1025,0,0,0,13.81,69.38,0,13.58
2015/11/01 15:37,1025,0,0,0,13.82,69.51,0,13.58
2015/11/01 15:38,1025,0,0,0,13.82,69.22,0,13.58
2015/11/01 15:39,1025,0,0,0,13.82,69.02,0,13.58
2015/11/01 15:40,1025,0,0,0,13.86,68.89,0,13.58
2015/11/01 15:41,1025,0,0,0,13.81,69.02,0,13.58
2015/11/01 15:42,1025,0,0,0,13.75,69.02,0,13.58
2015/11/01 15:43,1025,0,0,0,13.71,69.09,0,13.58
2015/11/01 15:44,1025,0,0,0,13.72,69.03,0,13.58
2015/11/01 15:45,1025,0,0,0,13.71,68.83,0,13.58
2015/11/01 15:46,1025,0,0,0,13.73,68.99,0,13.58
2015/11/01 15:47,1024,0,0,0,13.71,68.63,0,13.58
2015/11/01 15:48,1025,0,0,0,13.71,68.3,0,13.58
2015/11/01 15:49,1025,0,0,0,13.74,68.37,0,13.59
2015/11/01 15:50,1025,0,0,0,13.73,68.37,0,13.59
2015/11/01 15:51,1025,0,0,0,13.71,68.7,0,13.59
2015/11/01 15:52,1025,0,0,0,13.64,68.83,0,13.59
2015/11/01 15:53,1025,0,0,0,13.65,69.06,0,13.59
2015/11/01 15:54,1025,0,0,0,13.57,69.13,0,13.59
2015/11/01 15:55,1025,0,0,0,13.55,69.19,0,13.59
2015/11/01 15:56,1025,0,0,0,13.57,69.16,0,13.59
2015/11/01 15:57,1025,0,0,0,13.58,69.26,0,13.59
2015/11/01 15:58,1025,0,0,0,13.57,69.26,0,13.59
2015/11/01 15:59,1025,0,0,0,13.46,69.26,0,13.59
2015/11/01 16:00,1025,0,0,0,13.45,69.09,0,13.59
2015/11/01 16:01,1025,0,0,0,13.47,69.13,0,13.59
2015/11/01 16:02,1025,0,0,0,13.48,69.19,0,13.59
2015/11/01 16:03,1025,0,0,0,13.4,69.45,0,13.6
2015/11/01 16:04,1025,0,0,0,13.37,69.62,0,13.59
2015/11/01 16:05,1025,0,0,0,13.3,69.88,0,13.6
2015/11/01 16:06,1025,0,0,0,13.24,70.2,0,13.6
2015/11/01 16:07,1025,0,0,0,13.25,70.1,0,13.6
2015/11/01 16:08,1025,0,0,0,13.23,70.1,0,13.6
2015/11/01 16:09,1025,0,0,0,13.22,70.3,0,13.6
2015/11/01 16:10,1025,0,0,0,13.22,70.2,0,13.6
2015/11/01 16:11,1025,0,0,0,13.23,70.2,0,13.6
2015/11/01 16:12,1025,0,0,0,13.23,70.1,0,13.6
2015/11/01 16:13,1025,0,0,0,13.21,70.2,0,13.6
2015/11/01 16:14,1025,0,0,0,13.14,70.4,0,13.61
2015/11/01 16:15,1025,0,0,0,13.13,70.5,0,13.61
2015/11/01 16:16,1025,0,0,0,13.08,70.6,0,13.61
2015/11/01 16:17,1025,0,0,0,13.05,70.7,0,13.61
2015/11/01 16:18,1025,0,0,0,13.05,70.7,0,13.61
2015/11/01 16:19,1025,0,0,0,12.99,70.8,0,13.61
2015/11/01 16:20,1025,0,0,0,12.94,71.0,0,13.61
2015/11/01 16:21,1025,0,0,0,12.94,71.0,0,13.61
2015/11/01 16:22,1025,0,0,0,12.92,71.1,0,13.61
2015/11/01 16:23,1025,0,0,0,12.93,71.0,0,13.61
2015/11/01 16:24,1025,0,0,0,12.9,71.1,0,13.61
2015/11/01 16:25,1025,0,0,0,12.93,71.1,0,13.62
2015/11/01 16:26,1025,0,0,0,12.96,70.9,0,13.62
2015/11/01 16:27,1025,0,0,0,12.95,70.9,0,13.62
2015/11/01 16:28,1025,0,0,0,12.94,70.9,0,13.62
2015/11/01 16:29,1025,0,0,0,12.95,70.9,0,13.62
2015/11/01 16:30,1025,0,0,0,12.93,70.8,0,13.62
2015/11/01 16:31,1025,0,0,0,12.89,70.9,0,13.62
2015/11/01 16:32,1025,0,0,0,12.87,71.0,0,13.62
2015/11/01 16:33,1025,0,0,0,12.84,71.1,0,13.62
2015/11/01 16:34,1025,0,0,0,12.85,71.2,0,13.62
2015/11/01 16:35,1025,0,0,0,12.88,71.0,0,13.62
2015/11/01 16:36,1025,0,0,0,12.85,71.1,0,13.63
2015/11/01 16:37,1025,0,0,0,12.84,71.2,0,13.63
2015/11/01 16:38,1025,0,0,0,12.83,71.3,0,13.63
2015/11/01 16:39,1025,0,0,0,12.82,71.2,0,13.63
2015/11/01 16:40,1025,0,0,0,12.77,71.3,0,13.63
